,week,product_analytic_sub_category,gmv,sla,product_mrp,product_procurement_sla,sla_diff,discount_percentage,gmv_per_unit,order_payment_type_Prepaid,special_sales,NPS,Stock Index,Total Investment,TV,Digital,Sponsorship,Content Marketing,Online marketing,Affiliates,SEM,Radio,Other,pay_day,TV_adstock,Digital_adstock,Sponsorship_adstock,content_marketing_adstock,online_marketing_adstock,affiliates_adstock,SEM_adstock,Radio_adstock,Other_adstock,Mean Temp (°C),Heat Deg Days (°C),Total Rain (mm),Total Snow (cm),Snow on Grnd (cm)
1,1,GamingAccessory,7758.0,5.555555555555555,1200.6666666666667,1.8888888888888888,3.6666666666666665,32.48762999923784,862.0,9.0,0,54.599588092376216,1177.0,17.06177544266784,0.010087698800970732,0.11866556051760166,0.34734058913108523,4.37039913140451e-05,0.06217974235622343,0.025637518542369335,0.23534806432653874,0.0,0.0,1,0.010087698800970732,0.11866556051760166,0.34734058913108523,4.37039913140451e-05,0.06217974235622343,0.025637518542369335,0.23534806432653874,0.0,0.0,19.36,0.1,0.0,0.0,0.0
4,2,GamingAccessory,763139.0,6.538880248833593,1027.6671850699845,2.1897356143079314,4.349144634525661,40.221891563593786,583.0116640746501,305.0,0,54.599588092374546,1177.0,17.06177544266763,0.010087698800970848,0.11866556051759929,0.34734058913108,4.370399131404424e-05,0.06217974235622245,0.025637518542368665,0.23534806432653896,0.0,0.0,0,0.018157857841747435,0.17799834077640012,0.5210108836966226,6.555598697106678e-05,0.0994875877699565,0.0282012703966056,0.28241767719184674,0.0,0.0,20.099999999999998,0.2833333333333333,4.416666666666667,0.0,0.0
7,3,GamingAccessory,783978.3591979076,5.873139158576052,855.3961165048544,2.283495145631068,3.589644012944984,46.216749687077915,494.61770821871045,328.0,1,54.59958809237426,1177.0,17.06177544266762,0.010087698800970919,0.11866556051759916,0.34734058913108246,4.3703991314044684e-05,0.06217974235622227,0.02563751854236853,0.23534806432654223,0.0,0.0,1,0.02461398507436887,0.20766473090579923,0.6078460309793938,7.648198479957808e-05,0.12187229501819617,0.02845764558202909,0.2918315997649116,0.0,0.0,23.183333333333334,0.0,1.4000000000000001,0.0,0.0
10,4,GamingAccessory,765301.0,6.0,1002.6968,2.0904,3.9096,39.750239194962596,599.2848,247.0,0,54.59958809237459,1177.0,17.061775442667635,0.010087698800970836,0.1186655605175993,0.34734058913108007,4.370399131404425e-05,0.062179742356222485,0.02563751854236869,0.2353480643265384,0.0,0.0,0,0.029778886860465932,0.22249792597049892,0.6512636046207769,8.194498371383329e-05,0.13530311936714018,0.028483283100571598,0.29371438427952073,0.0,0.0,23.06,0.0,0.9,0.0,0.0
13,5,GamingAccessory,551707.0,6.30035335689046,1047.5712603062427,2.136631330977621,4.163722025912839,41.4547175895516,630.7349823321555,135.0,0,54.599588092375406,1177.0,17.061775442667667,0.010087698800970631,0.11866556051759965,0.34734058913108057,4.370399131404444e-05,0.062179742356223006,0.025637518542369085,0.23534806432653696,0.0,0.0,0,0.033910808289343376,0.2299145235028491,0.672972391441469,8.467648317096109e-05,0.1433616139765071,0.028485846852426246,0.2940909411824411,0.0,0.0,24.566666666666663,0.0,4.633333333333334,0.0,0.0
16,6,GamingAccessory,1441.0,7.0,891.6666666666666,2.6666666666666665,4.333333333333333,56.27323656735422,480.3333333333333,1.0,0,59.987101024,1206.0,5.064306089216936,0.00030160814226834216,0.05987465823735751,0.049814518834786804,2.963170460554873e-07,0.006054780904706198,0.003451916108378574,0.11775270245581597,0.0,0.0,0,0.027430254773743043,0.17483191998878206,0.38630071455552134,4.263455863153603e-05,0.09207174929061045,0.006300500793621199,0.1765708906923042,0.0,0.0,21.65,0.0,0.27999999999999997,0.0,0.0
18,7,GamingAccessory,1322.0,5.0,1995.0,4.0,1.0,33.734335839599,1322.0,0.0,0,59.987101024,1206.0,5.064306089216936,0.00030160814226834216,0.05987465823735751,0.049814518834786804,2.963170460554873e-07,0.006054780904706198,0.0034519161083785737,0.11775270245581596,0.0,0.0,0,0.02224581196126278,0.14729061823174855,0.24296487611254747,2.16135963618235e-05,0.06129783047907246,0.004081966187740694,0.1530668805942768,0.0,0.0,23.95,0.0,2.9,0.0,0.0
19,8,GamingAccessory,359.0,3.0,699.0,3.0,0.0,48.640915593705294,359.0,0.0,0,59.987101024,1206.0,5.064306089216936,0.00030160814226834216,0.05987465823735751,0.049814518834786804,2.963170460554873e-07,0.006054780904706198,0.0034519161083785737,0.11775270245581596,0.0,0.0,0,0.018098257711278563,0.1335199673532318,0.17129695689106053,1.1103115226967238e-05,0.04283347919214968,0.003860112727152643,0.14836607857467132,0.0,0.0,23.45,0.0,5.133333333333334,0.0,0.0
20,9,GamingAccessory,614.0,6.5,674.5,3.5,3.0,41.89117689117689,307.0,0.0,1,59.987101024,1206.0,5.064306089216936,0.00030160814226834216,0.05987465823735751,0.049814518834786804,2.963170460554873e-07,0.006054780904706198,0.0034519161083785737,0.11775270245581596,0.0,0.0,0,0.014780214311291194,0.12663464191397342,0.13546299728031708,5.847874659539107e-06,0.031754868419996,0.003837927381093838,0.14742591817075024,0.0,0.0,20.25,0.75,0.0,0.0,0.0
22,10,GamingAccessory,577636.0,5.603827751196172,922.0,2.2842105263157895,3.319617224880383,42.569367652966115,537.0555023923445,179.0,0,47.012913210093835,1101.7033492822966,95.6435372652176,0.1805299405988434,0.0635254144615146,2.9220796690485815,0.028399191972323486,0.7622632082882476,0.23447263279186062,0.2893981372561584,0.0,0.0,1,0.19235411204787634,0.12684273541850133,2.9898111676887402,0.028402115909653258,0.7813161293402452,0.23485642552997,0.31888332089030846,0.0,0.0,24.46,0.0,10.1,0.0,0.0
25,11,GamingAccessory,365568.0,5.95024077046549,979.4654895666132,2.260032102728732,3.6902086677367576,41.924073962146124,573.1187800963082,110.0,0,46.92541868726402,1101.0,96.25437986467286,0.1817453532454647,0.06355003420483743,2.941449472566331,0.0285907066829077,0.7673628797638791,0.23603057596794977,0.29055566909007247,0.0,0.0,0,0.3356286428837658,0.1269714019140881,4.436355056410701,0.04279176463773433,1.236152557368026,0.25951621852094675,0.3543323332681342,0.0,0.0,19.240000000000002,1.28,0.96,0.0,0.0
28,12,GamingAccessory,950705.7510102331,6.485935302390999,1101.2180028129396,2.20042194092827,4.285513361462729,41.187797817690026,657.488572748612,262.0,0,46.92541868726389,1101.0,96.25437986466912,0.18174535324546937,0.06355003420483742,2.9414494725664304,0.028590706682907658,0.7673628797638494,0.236030575967955,0.2905556690900672,0.0,0.0,1,0.45024826755248204,0.12703573516188146,5.159627000771781,0.04998658900177482,1.5090544141846651,0.26198219782004967,0.36142213574369403,0.0,0.0,20.55,0.0,0.55,0.0,0.0
31,13,GamingAccessory,973568.0,6.3628536285362856,1107.9138991389914,2.1346863468634685,4.228167281672817,45.84389893468844,583.9145141451414,308.0,0,46.925418687263,1101.0,96.25437986466869,0.18174535324546648,0.06355003420483742,2.9414494725663882,0.028590706682907377,0.7673628797638461,0.2360305759679555,0.2905556690900655,0.0,0.0,0,0.5419439672874522,0.12706790178577815,5.521262972952279,0.05358400118379479,1.6727955282746452,0.2622287957499605,0.3628400962388043,0.0,0.0,20.0,0.0,0.0,0.0,0.0
34,14,GamingAccessory,978894.0,6.217997465145754,1080.437896070976,2.259188846641318,3.958808618504436,43.95416801561814,611.6793409378961,230.0,0,45.51937805141497,1161.6476552598226,137.37344422983134,0.24079028955971368,0.3572085333676201,3.5119011291765396,0.10245613366606811,0.9756769538437762,0.2864799151570009,0.9611003644159619,0.0,0.0,1,0.6743454633896755,0.4207424842605092,6.272532615652679,0.1292481342579655,1.9793542708085632,0.3127027947319969,1.0336683836637228,0.0,0.0,17.725,1.925,3.72,0.0,0.0
37,15,GamingAccessory,911973.0,5.7246184472461845,1047.2886529528864,2.086264100862641,3.6383543463835433,40.18474874702897,592.2893165228932,222.0,0,44.398388933995776,1210.0,170.15629736834103,0.28786484015193986,0.5913326215384066,3.966703133307727,0.1613465652016203,1.1417587896705719,0.32670148398653615,1.495703196680358,0.0,0.0,0,0.8273412108636802,0.8017038636686612,7.102969441134066,0.22597063233060305,2.32937135215571,0.35797176345973586,1.7024368734131026,0.0,0.0,16.619999999999997,1.3800000000000001,0.0,0.0,0.0
40,16,GamingAccessory,3167713.997902236,5.683791846204839,1044.199867417965,2.167219091813059,3.5165727543917797,49.861061873919724,514.2884619856515,1139.0,1,44.398388933999485,1210.0,170.1562973683453,0.28786484015194647,0.5913326215383147,3.966703133308094,0.1613465652016036,1.1417587896704149,0.32670148398648413,1.495703196680503,0.0,0.0,1,0.9497378088428906,0.9921845533726452,7.518187853875127,0.2743318813669051,2.539381600963841,0.3624986603324577,1.8361905713631235,0.0,0.0,14.3,4.1,0.3,0.0,0.0
43,17,GamingAccessory,992776.0,6.325882352941177,1030.2664705882353,2.068235294117647,4.25764705882353,42.40984298715904,574.1252941176471,256.0,0,44.39838893399643,1210.0,170.15629736834168,0.28786484015193986,0.5913326215384074,3.966703133307692,0.16134656520161905,1.1417587896705723,0.3267014839865365,1.49570319668038,0.0,0.0,0,1.0476550872262524,1.08742489822473,7.725797060245256,0.2985125058850716,2.665387750248877,0.36295135001978224,1.8629413109530046,0.0,0.0,15.680000000000001,2.32,0.8400000000000001,0.0,0.0
46,18,GamingAccessory,1405713.461978789,6.124605678233438,1022.8966876971609,1.9507097791798107,4.173895899053628,47.260131548872735,542.2629701876017,389.0,0,44.719486829762126,1212.8387223974764,155.4763903943583,0.27673969530058595,0.5257235774236388,3.5590658295582447,0.14240778083015515,1.1139459275421715,0.32451618767645724,1.3412935264552552,0.0,0.0,1,1.114863765081588,1.069436026536004,7.421964359680873,0.29166403377269096,2.713178577691498,0.36081132267843546,1.7138817886458562,0.0,0.0,10.9,7.1,0.9,0.0,0.0
49,19,GamingAccessory,1470290.0011511762,5.452657514959522,944.238296374516,1.99190425906371,3.460753255895811,48.193514826961334,506.48159112415533,459.0,1,46.99999999999999,1233.0,51.21622041618935,0.1977262863404219,0.05975263471713423,0.6639293240144081,0.007900056683971453,0.9164124051417383,0.3089956966307128,0.24463954271547056,0.0,0.0,0,1.0896172984056922,0.5944706479851362,4.374911503854844,0.15373207357031693,2.544319551756637,0.34507682889855634,0.5874159004446418,0.0,0.0,13.919999999999998,4.08,1.72,0.0,0.0
52,20,GamingAccessory,1350319.0,6.344316309719934,1010.6387973640857,2.074135090609555,4.270181219110379,44.32538052093367,550.2203459637561,386.0,1,46.99999999999999,1233.0,51.21622041618978,0.19772628634042355,0.05975263471713284,0.663929324014416,0.007900056683971288,0.91641240514174,0.3089956966307073,0.24463954271546487,0.0,0.0,1,1.0694201250649775,0.3569879587097009,2.851385075941838,0.08476609346912975,2.4430041361957224,0.3435033795205629,0.3621227228043932,0.0,0.0,8.833333333333334,9.166666666666666,5.133333333333333,0.0,0.0
55,21,GamingAccessory,1081336.0,5.900721020521353,1103.7953410981697,2.0704381586245146,3.8302828618968388,44.35825300394715,589.9462007764837,250.0,0,46.99999999999999,1233.0,51.2162204161908,0.1977262863404275,0.059752634717132186,0.6639293240144348,0.007900056683971115,0.9164124051417443,0.30899569663069404,0.24463954271546048,0.0,0.0,0,1.0532623863924095,0.23824661407198264,2.089621861985354,0.05028310341853599,2.3822148868591775,0.3433460345827503,0.3170640872763391,0.0,0.0,6.075,11.925,3.3,2.5,1.75
58,22,GamingAccessory,1496676.0,6.078947368421052,1103.6803966437833,2.0125858123569795,4.066361556064074,45.962800039211686,559.5152555301297,425.0,0,46.99999999999999,1233.0,51.216220416189564,0.1977262863404227,0.05975263471713355,0.663929324014412,0.007900056683971373,0.9164124051417392,0.3089956966307101,0.24463954271546776,0.0,0.0,0,1.0403361954543504,0.17887594175312488,1.708740255007089,0.03304160839323937,2.3457413372572455,0.34333030008898513,0.30805236017073556,0.0,0.0,7.8,10.2,5.8,0.0,0.0
61,23,GamingAccessory,1553554.0,6.324495892457057,1044.5104555638536,2.0929798356982823,4.2315160567587755,43.22506639922545,572.637789395071,340.0,0,45.9855115758049,1068.1456310679612,98.16090402468137,0.24433664166857597,0.13056254616927002,2.348472365539555,0.04349227246614061,1.0329382934621638,0.31815130214159903,0.48064731180500025,0.0,0.0,1,1.0766055980320564,0.22000051704583246,3.2028424930430996,0.0600130766627603,2.440383095816511,0.35248433215049757,0.5422577838391474,0.0,0.0,1.8,16.2,2.0,0.0,0.0
64,24,GamingAccessory,1483030.250092627,6.011704462326262,1036.3529626920263,2.1221653255303585,3.8895391367959036,46.777417181827786,531.7109546790881,425.0,0,45.80000000000201,1038.0,106.74531171634017,0.2528599133584383,0.14351100170866066,2.6565115966311943,0.050000743019947586,1.0542464726868248,0.3198255162235372,0.5238042095095353,0.0,0.0,0,1.1141443917840834,0.2535112602315769,4.257932843152744,0.08000728135132773,2.518476330176731,0.355073949438587,0.6322557662773648,0.0,0.0,8.525,9.475,0.15,0.0,0.0
67,25,GamingAccessory,1331840.0,6.79897718332022,1117.3095987411486,2.1782061369000787,4.620771046420142,48.55464476006107,514.5021636506688,365.0,0,45.800000000001944,1038.0,106.7453117163403,0.2528599133584407,0.14351100170866177,2.656511596631179,0.050000743019947384,1.0542464726868246,0.3198255162235366,0.5238042095095353,0.0,0.0,1,1.1441754267857074,0.2702666318244502,4.785478018207551,0.09000438369561126,2.5653322707928634,0.3553329111673953,0.6502553627650083,0.0,0.0,-0.1,18.1,2.3333333333333335,0.0,0.0
70,26,GamingAccessory,2206569.0,5.988650084520647,1366.6906544312967,2.2765032600821056,3.7121468244385416,55.28866557946388,521.3250020123965,596.0,1,45.799999999997816,1038.0,106.74531171633964,0.25285991335842756,0.14351100170866352,2.6565115966312605,0.0500007430199485,1.0542464726868257,0.31982551622354,0.523804209509548,0.0,0.0,0,1.1682002547869934,0.2786443176208886,5.049250605735036,0.09500293486775413,2.5934458351625436,0.3553588073402795,0.6538552820625496,0.0,0.0,8.05,9.95,7.199999999999999,0.0,0.0
73,27,GamingAccessory,1605851.0,6.185690515806988,1282.0838602329452,2.15540765391015,4.030282861896839,51.45215180994938,526.3890183028286,399.0,1,46.391222975238314,1044.4013311148087,91.86253158380946,0.2310645166354204,0.08766007104749578,1.5318197752412879,0.046416947886903336,1.0627342229246308,0.3314581719817729,0.3742671135457107,0.05783532432740182,0.58028108741827,1,1.1656247204650152,0.2269822298579401,4.056445078108806,0.09391841532078041,2.618801724022157,0.3669940527158009,0.5050381699582206,0.05783532432740182,0.58028108741827,2.3,15.7,0.0,0.0,0.0
76,28,GamingAccessory,1690682.0,6.177404580152672,1183.6241221374046,2.1572519083969466,4.020152671755725,49.95123534952733,508.1865648854962,465.0,0,47.09303132503079,1052.0,74.19599999999775,0.20519239723565905,0.021362496150560344,0.19675983296569682,0.04216282134979173,1.0728095654558294,0.3452666592755443,0.19675983296569682,0.1264884640493744,1.2691009226287244,0,1.1376921736076713,0.1348536110795304,2.2249823720201,0.08912202901018193,2.6440905998691235,0.3819660645471244,0.29776746695734096,0.1554061262130753,1.3271290313705515,0.06666666666666672,17.933333333333334,7.866666666666667,2.3333333333333335,0.0
79,29,GamingAccessory,1631372.0,6.122517670817906,1155.8421406933692,2.1676203298552674,3.954897340962639,47.44234406570604,540.2652305621003,456.0,0,47.09303132503105,1052.0,74.1959999999979,0.20519239723565572,0.021362496150560503,0.1967598329657012,0.042162821349791796,1.0728095654558296,0.3452666592755522,0.1967598329657012,0.1264884640493745,1.26910092262872,1,1.1153461361217927,0.0887893016903257,1.3092510189757511,0.08672383585488276,2.659263925377304,0.3834632657302647,0.2563133263571694,0.20419152715591216,1.401813825765775,-3.733333333333333,21.733333333333334,2.533333333333333,0.0,10.333333333333334
82,30,GamingAccessory,2144142.8956802124,6.398383049902425,1133.468636743797,2.2347365486478954,4.16364650125453,46.76173381972184,586.7050314580725,617.0,1,47.09303132503057,1052.0,74.19599999999762,0.20519239723566188,0.0213624961505602,0.19675983296569308,0.04216282134979168,1.0728095654558292,0.34526665927553757,0.19675983296569308,0.1264884640493743,1.2691009226287615,0,1.097469306133096,0.06575714699572305,0.8513853424535687,0.08552473927723306,2.6683679206822113,0.38361298584856407,0.24802249823712696,0.22858422762733038,1.409282305205339,-5.533333333333333,41.53333333333333,0.0,0.0,0.0
85,31,GamingAccessory,1391588.0,6.291932907348243,1081.1214057507987,2.281150159744409,4.010782747603834,46.635560821986225,542.7234424920127,411.0,0,47.09303132503156,1052.0,74.19599999999821,0.205192397235649,0.021362496150560833,0.19675983296570781,0.04216282134979193,1.0728095654558298,0.34526665927554717,0.19675983296570781,0.12648846404937475,1.2691009226287246,0,1.0831678421421258,0.05424106964842236,0.6224525041924922,0.08492519098840845,2.6738303178651566,0.3836279578604036,0.2463643326131332,0.24078057786303994,1.4100291531492586,-1.8,19.8,0.0,0.0,0.0
88,32,GamingAccessory,1677618.250137741,6.046672973825292,1055.2062440870388,2.284137496058026,3.762535477767266,47.50623355043063,519.0134815949988,527.0,1,50.32740649908039,1222.0,48.0519999999984,0.12114819685701148,0.08960307021385978,0.5493138818258771,0.027957276197772444,0.9319092065925042,0.3028704921425667,0.2283177556151614,0.0,0.0,1,0.9876824705707122,0.11672360503807097,0.8605401339221233,0.07041987169197667,2.536207397311598,0.3412332879286071,0.27759062213778807,0.12039028893151997,0.14100291531492587,3.2000000000000006,14.799999999999999,2.65,0.0,0.0
91,33,GamingAccessory,1611661.5002754822,5.741700916851091,1056.1090736642427,2.218779639582675,3.522921277268416,49.956321139466795,499.09458328869704,540.0,1,50.32740649908042,1222.0,48.05199999999841,0.12114819685701148,0.0896030702138598,0.5493138818258773,0.027957276197772458,0.9319092065925042,0.3028704921425667,0.22831775561516132,0.0,0.0,0,0.9112941733135813,0.14796487273289527,0.9795839487869389,0.06316721204376079,2.453633644979463,0.33699382093542746,0.2838358800427189,0.060195144465759985,0.014100291531492587,-7.266666666666667,25.266666666666666,0.0,2.6666666666666665,2.0
94,34,GamingAccessory,2022935.0758199086,5.717145548751766,1041.6632124352332,2.237164390014131,3.4799811587376355,52.33337489345212,466.25240042865795,686.0,1,50.327406499077554,1222.0,48.051999999997804,0.12114819685701032,0.08960307021385848,0.5493138818258879,0.027957276197771205,0.9319092065925123,0.3028704921425686,0.22831775561516968,0.0,0.0,1,0.8501835355078754,0.16358550658030613,1.0391058562193574,0.0595408822196516,2.40408939358019,0.33656987423611134,0.28508493162371346,0.030097572232879993,0.0014100291531492588,5.166666666666667,12.833333333333334,0.0,0.0,1.3333333333333333
97,35,GamingAccessory,1866201.350183419,6.206468305304011,1059.0698576972834,2.195601552393273,4.010866752910737,52.84613515782441,473.10156537733997,587.0,0,50.32740649907838,1222.0,48.051999999997975,0.12114819685701066,0.08960307021385885,0.5493138818258732,0.027957276197771566,0.93190920659251,0.30287049214256806,0.2283177556151673,0.0,0.0,0,0.801295025263311,0.17139582350401192,1.0688668099355518,0.05772771730759736,2.374362842740624,0.3365274795661792,0.28533474193991,0.015048786116439996,0.0001410029153149259,-0.65,18.65,12.7,3.0,3.0
100,36,GamingAccessory,1917160.2519998252,5.949396958573676,1033.9229155742003,2.145516518091243,3.803880440482433,50.97939859532099,495.1622751556312,601.0,0,49.18844749939965,1041.5941269008915,93.34748862896738,0.3952729953284085,0.09725231955788413,1.7686457511621938,0.01869847040869821,0.8725216386088493,0.2927713713189557,0.24138143218326558,0.03552112678582768,0.6510387685513244,1,1.0363090155390573,0.18295023130989008,2.3030791561299697,0.04756232906249689,2.2971393442532237,0.32642411927557363,0.29844838057124756,0.043045519844047676,0.6510528688428558,2.1999999999999997,15.799999999999999,0.75,1.75,2.0
103,37,GamingAccessory,2112722.250679897,5.646396999732119,1131.5389766943476,2.1427806054111973,3.5036163943209213,49.969718191456145,555.9117109362879,753.0,1,49.0205504146101,1015.0,100.02462142926626,0.43568248728117026,0.09837991648284578,1.9483908221534134,0.017333604332691686,0.863767153557121,0.29128263208804084,0.24330718474595267,0.04075739397146378,0.7470101875014342,0,1.2647296997124162,0.1898550321377908,3.0999304002183985,0.04111476886394013,2.242050760109055,0.3239250440155982,0.30299686086020217,0.06228015389348762,0.8121154743857198,10.166666666666666,7.833333333333333,9.0,0.0,0.0
106,38,GamingAccessory,1314071.2505629165,6.061152661680598,1079.7448306203255,2.130664320281566,3.930488341399032,43.366693182637555,567.2205237848291,416.0,0,49.020550414614206,1015.0,100.02462142926318,0.4356824872811796,0.09837991648285375,1.9483908221532489,0.017333604332691953,0.8637671535571397,0.29128263208804056,0.24330718474594878,0.0407573939714656,0.7470101875014091,1,1.4474662470511126,0.19330743255174915,3.498356022262448,0.037890988764662015,2.208997609622573,0.3236751364896004,0.30390655691798923,0.07189747091820942,0.8282217349399811,8.9,9.1,0.3333333333333333,0.0,0.0
109,39,GamingAccessory,1331551.5,6.113165013525699,1111.8422001803426,2.131199278629396,3.981965734896303,42.578997655322546,589.2556357078449,631.0,0,49.020550414614206,1015.0,100.02462142926298,0.4356824872811802,0.09837991648285371,1.9483908221532384,0.01733360433269197,0.863767153557141,0.29128263208804056,0.24330718474594853,0.040757393971465716,0.7470101875014075,0,1.5936554849220703,0.1950336327587283,3.6975688332844623,0.03627909871502298,2.189165719330685,0.32365014573700057,0.30408849612954636,0.07670612943057042,0.8298323609954056,5.720000000000001,12.280000000000001,12.8,0.0,0.0
112,40,GamingAccessory,1357487.5,6.000886524822695,1154.3927304964539,2.0713652482269502,3.929521276595745,43.870209323882534,589.0241578014185,1235.0,0,50.276010563513736,1116.5261524822695,80.71390889805306,0.3498854447950983,0.07264778712319858,1.5862943129790252,0.010311857570345638,0.8234687150020945,0.280299019988251,0.22290697453632724,0.022528577252845784,0.4129085566552328,1,1.6248098327327547,0.17016460350256274,3.4350787296212566,0.02845140692785713,2.1369681466005055,0.3126640345619511,0.28372467376223653,0.06088164196813099,0.49589179275477335,6.871428571428571,11.12857142857143,2.8285714285714283,0.5428571428571428,0.0
115,41,GamingAccessory,1450082.0015262654,6.2761126248864665,1215.3383287920074,2.100363306085377,4.17574931880109,43.172975614036005,645.5424616297707,2081.0,0,51.82760501909383,1242.0,56.84824137930996,0.2438508442201023,0.04084603755780361,1.1387875271116144,0.001633841502312247,0.773664797382413,0.26672462525244883,0.197694821779765,0.0,0.0,0,1.5436987104063062,0.12592833930908498,2.856326891922243,0.015859544966240813,2.055845685342716,0.2979910287086439,0.2544397565322123,0.030440820984065496,0.04958917927547734,1.25,16.75,2.35,0.55,0.0
118,42,GamingAccessory,1249617.0,6.072932717000514,1202.542886492039,2.047765793528505,4.025166923472008,44.09966504112963,632.2843691148777,1866.0,0,51.82760501909424,1242.0,56.84824137930996,0.2438508442201019,0.04084603755780424,1.138787527111614,0.0016338415023122437,0.7736647973824041,0.26672462525245044,0.19769482177976716,0.0,0.0,1,1.478809812545147,0.10381020721234674,2.5669509730727356,0.00956361398543265,2.0071722085880337,0.29652372812331484,0.24858277308620963,0.015220410492032748,0.004958917927547734,9.919999999999998,8.080000000000002,0.0,0.0,0.0
121,43,GamingAccessory,801032.0,4.772891131939438,1168.8031723143474,1.9790915645277578,2.79379956741168,47.78048982318564,565.5757029560202,1297.0,0,51.82760501909567,1242.0,56.84824137930998,0.24385084422010042,0.04084603755780551,1.1387875271116128,0.001633841502312232,0.7736647973823735,0.2667246252524561,0.1976948217797747,0.0,0.0,0,1.426898694256218,0.09275114116397888,2.4222630136479806,0.0064156484950285576,1.9779681225351937,0.29637699806478757,0.24741137639701663,0.007610205246016374,0.0004958917927547734,12.625,5.375,0.0,0.0,0.0
124,44,GamingAccessory,2698957.0,6.354064954362131,1192.469751645086,2.0356612184249627,4.318403735937168,47.544946441654744,565.3112927191679,2571.0,0,51.44376687069528,1240.8112927191678,58.6490275071535,0.2285955132407144,0.040440739191077546,1.1681098607478357,0.004637513429881899,0.8020477693655862,0.27112614627429743,0.2083950511177623,0.0043754903167312975,0.019836882008671612,1,1.370114468645689,0.08681630977306698,2.379241367571826,0.007845337677396178,1.9888286428867024,0.30076384608077616,0.25787732639716565,0.008180592939739485,0.01988647118794709,10.433333333333334,7.566666666666666,5.266666666666667,0.0,0.0
127,45,GamingAccessory,1616853.0,5.999287749287749,1261.513888888889,2.016025641025641,3.9832621082621085,48.06570716004649,565.9793447293447,452.0,0,47.30695122636057,1228.0,78.05700000000066,0.06418118361023879,0.03607263604371262,1.4841313115126542,0.037009587629260966,1.1079452499139952,0.3185635390873342,0.32371677280786826,0.051532337205303605,0.23362887785712783,0,1.16027275852679,0.07948079093024611,2.6737519952985673,0.040932256467959054,2.3012424356460164,0.3486399236954118,0.3752922380873014,0.055622633675173346,0.23561752497592253,11.919999999999998,6.08,2.1599999999999997,0.0,0.0
130,46,GamingAccessory,1834555.0,5.809103840682788,1210.6893314366998,1.939118065433855,3.8699857752489333,52.133301788363305,511.7254623044097,535.0,0,47.30695122635772,1228.0,78.05699999999936,0.06418118361023714,0.036072636043712636,1.484131311512726,0.0370095876292601,1.1079452499139726,0.31856353908733454,0.32371677280785727,0.0515323372053061,0.23362887785711942,1,0.9923993904316692,0.0758130315088357,2.8210073091620096,0.05747571586323963,2.488690711301582,0.3534275314568757,0.39877522042531754,0.07934365404289277,0.2571906303547117,12.849999999999998,5.225,4.25,0.0,0.0
133,47,GamingAccessory,1886556.2502639915,5.76,1263.5850340136055,1.9202721088435375,3.8397278911564627,54.28243215404495,504.6263266024467,550.0,0,47.30695122635723,1228.0,78.05699999999815,0.06418118361023686,0.036072636043712636,1.4841313115127384,0.03700958762925995,1.1079452499139686,0.3185635390873346,0.3237167728078529,0.05153233720530653,0.23362887785711797,0,0.8581006959555723,0.07397915179813049,2.894634966093743,0.06574744556087977,2.601159676694918,0.35390629223302217,0.4034718168929164,0.09120416422675293,0.25934794089258917,12.4,5.6,0.3,0.0,0.0
136,48,GamingAccessory,3521468.2508996883,5.784604881379075,1320.815156169995,1.8914490527393752,3.8931558286396997,51.70761499058271,592.8937106843639,1048.0,1,47.30695122635478,1228.0,78.05699999998825,0.06418118361023453,0.03607263604371266,1.4841313115127872,0.037009587629258725,1.1079452499141043,0.31856353908733503,0.32371677280781697,0.05153233720530575,0.23362887785713474,0,0.7506617403746924,0.0730622119427779,2.9314487945596586,0.06988331040969861,2.668641055931055,0.35395416831063725,0.40441113618640023,0.09713441931868222,0.2595636719463936,23.149999999999995,0.0,0.3666666666666667,0.0,0.0
139,49,GamingAccessory,1867497.9237036875,5.932904411764706,1187.9638480392157,1.9699754901960784,3.9629289215686274,48.79664328782009,562.8013437273041,559.0,0,49.55986322783593,1204.1354166666667,53.33414547499687,0.07380638590327218,0.05747113364810262,1.266073726670763,0.012514930537924953,0.592393639346963,0.18598289228266504,0.21933245928832804,0.01536181498185021,0.0696448830131718,1,0.674335778203026,0.09400223961949157,2.7317981239505924,0.04745658574277426,2.193578272905596,0.22137830911372877,0.3002146865256081,0.06392902464119132,0.09560125020781117,21.433333333333334,0.0,4.2,0.0,0.0
142,50,GamingAccessory,1664411.0,5.880895826263997,1168.8982015609095,1.9487614523243977,3.9321343739395997,49.37594645539336,551.6657052369641,476.0,0,50.51668705037507,1194.0,42.83421642531174,0.07789426099324111,0.06655919046567997,1.1734634996732871,0.0021119181634725414,0.3734361024278063,0.12967517978114626,0.17499988091445864,0.0,0.0,0,0.617362883555662,0.11356031027542576,2.5393625616485833,0.025840211034859673,1.689583066171164,0.15181301069251912,0.23504281821958029,0.03196451232059566,0.009560125020781117,20.7,0.5666666666666668,0.0,0.0,0.0
145,51,GamingAccessory,1584534.0,6.037749546279492,1145.2595281306715,1.907803992740472,4.12994555353902,48.00497105952986,559.2239564428312,474.0,0,50.51668705037511,1194.0,42.83421642531174,0.07789426099324069,0.06655919046567982,1.1734634996732871,0.00211191816347254,0.3734361024278045,0.12967517978114632,0.17499988091445787,0.0,0.0,1,0.5717845678377703,0.1233393456033927,2.4431447804975788,0.015032023680902376,1.3871859421305028,0.14485648085039823,0.22200844455837393,0.01598225616029783,0.0009560125020781117,21.3,0.425,1.1,0.0,0.0
148,52,GamingAccessory,1402869.250347705,6.047497879558948,1133.3502968617472,1.8922815945716709,4.155216284987278,45.50495951147296,579.3983249990267,405.0,0,50.516687050375225,1194.0,42.83421642531173,0.0778942609932396,0.06655919046567943,1.1734634996732867,0.002111918163472537,0.37343610242780007,0.12967517978114648,0.17499988091445584,0.0,0.0,0,0.5353219152634558,0.1282288632673758,2.395035889922076,0.009627930003923726,1.2057476677061016,0.1441608278661863,0.21940156982613063,0.007991128080148915,9.560125020781118e-05,24.08,0.0,0.64,0.0,0.0
151,53,GamingAccessory,566818.250293772,5.144973544973545,1115.826455026455,1.8867724867724869,3.2582010582010583,44.731800333817155,579.119312480182,159.0,0,50.51668705037637,1194.0,42.8342164253117,0.07789426099323882,0.0665591904656755,1.173463499673283,0.0021119181634725037,0.37343610242777875,0.1296751797811483,0.17499988091445032,0.0,0.0,0,0.5061517932040035,0.1306736220993634,2.370981444634321,0.006925883165434367,1.0968847030514397,0.14409126256776691,0.21888019487967644,0.003995564040074458,9.560125020781118e-06,24.4,0.0,1.0,0.0,0.0
