,week,product_analytic_sub_category,gmv,units,sla,product_mrp,product_procurement_sla,sla_diff,discount_percentage,gmv_per_unit,order_payment_type_Prepaid,special_sales,NPS,Stock Index,Total Investment,TV,Digital,Sponsorship,Content Marketing,Online marketing,Affiliates,SEM,Radio,Other,pay_day
0,1,CameraAccessory,4067.0,10,4.0,1047.7,2.0,2.0,52.46525212690091,406.7,10.0,0,54.59958809237621,1177.0,17.061775442667845,0.0157979121895126,0.18583704192238235,0.5439551908923396,6.844294528738964e-05,0.09737702612766432,0.040149817582814544,0.3685685038340599,0.0,0.0,0
1,1,GamingAccessory,7758.0,9,5.555555555555555,1200.6666666666667,1.8888888888888888,3.6666666666666665,32.48762999923784,862.0,9.0,0,54.599588092376216,1177.0,17.06177544266784,0.010087698800970732,0.11866556051760166,0.34734058913108523,4.37039913140451e-05,0.06217974235622343,0.025637518542369335,0.23534806432653874,0.0,0.0,1
2,1,HomeAudio,12581.0,8,6.125,2769.375,2.25,3.875,43.491648912164365,1572.625,8.0,0,54.599588092376216,1177.0,17.06177544266784,0.014482293592173862,0.17036090396854503,0.49865568823198314,6.274315340371886e-05,0.08926766173885975,0.0368062209063642,0.3378748544314952,0.0,0.0,1
3,2,CameraAccessory,1003905.0,1780,6.857974388824214,1128.6135040745053,2.041909196740396,4.816065192083818,46.49903322560011,571.6152502910361,515.0,0,54.59958809237412,1177.0,17.061775442667617,0.015797912189512448,0.1858370419223775,0.5439551908923461,6.844294528739119e-05,0.09737702612766537,0.04014981758281512,0.3685685038340562,0.0,0.0,0
4,2,GamingAccessory,763139.0,1326,6.538880248833593,1027.6671850699845,2.1897356143079314,4.349144634525661,40.221891563593786,583.0116640746501,305.0,0,54.599588092374546,1177.0,17.06177544266763,0.010087698800970848,0.11866556051759929,0.34734058913108,4.370399131404424e-05,0.06217974235622245,0.025637518542368665,0.23534806432653896,0.0,0.0,0
5,2,HomeAudio,1165624.0,909,7.490628445424476,1988.2337375964719,1.9106945975744212,5.5799338478500555,32.634070467132354,1284.111356119074,190.0,0,54.59958809237524,1177.0,17.06177544266766,0.014482293592173798,0.17036090396854375,0.4986556882319763,6.274315340371781e-05,0.08926766173885907,0.03680622090636382,0.33787485443149967,0.0,0.0,0
6,3,CameraAccessory,1097503.0,1990,6.54253112033195,1186.3853734439833,2.0446058091286305,4.4979253112033195,47.7610847862584,557.9953319502075,593.0,1,54.599588092373985,1177.0,17.061775442667624,0.015797912189512445,0.18583704192237502,0.5439551908923462,6.844294528739054e-05,0.09737702612766631,0.04014981758281513,0.36856850383405143,0.0,0.0,1
7,3,GamingAccessory,783978.3591979076,1650,5.873139158576052,855.3961165048544,2.283495145631068,3.589644012944984,46.216749687077915,494.61770821871045,328.0,1,54.59958809237426,1177.0,17.06177544266762,0.010087698800970919,0.11866556051759916,0.34734058913108246,4.3703991314044684e-05,0.06217974235622227,0.02563751854236853,0.23534806432654223,0.0,0.0,1
8,3,HomeAudio,1441028.0,1081,7.1832558139534886,2063.208372093023,1.7488372093023257,5.434418604651163,32.42673518727237,1337.0046511627907,209.0,1,54.59958809237487,1177.0,17.061775442667646,0.014482293592173796,0.17036090396854367,0.49865568823197687,6.274315340371824e-05,0.08926766173885903,0.03680622090636381,0.33787485443150045,0.0,0.0,1
9,4,CameraAccessory,1092921.0,1991,6.563758389261745,1150.0418172431596,2.0686628807434175,4.495095508518327,45.39902650074175,553.1202891068663,551.0,0,54.59958809237398,1177.0,17.061775442667642,0.015797912189512445,0.1858370419223749,0.5439551908923462,6.844294528739048e-05,0.09737702612766636,0.04014981758281513,0.36856850383405126,0.0,0.0,0
10,4,GamingAccessory,765301.0,1303,6.0,1002.6968,2.0904,3.9096,39.750239194962596,599.2848,247.0,0,54.59958809237459,1177.0,17.061775442667635,0.010087698800970836,0.1186655605175993,0.34734058913108007,4.370399131404425e-05,0.062179742356222485,0.02563751854236869,0.2353480643265384,0.0,0.0,0
11,4,HomeAudio,1230725.0,983,7.18014329580348,1942.1535312180142,1.728761514841351,5.451381780962129,31.33562561548387,1255.9846468781986,170.0,0,54.59958809237507,1177.0,17.061775442667653,0.014482293592173796,0.17036090396854373,0.49865568823197537,6.274315340371777e-05,0.08926766173885906,0.03680622090636381,0.3378748544315,0.0,0.0,0
12,5,CameraAccessory,747530.0,1343,6.480339244410177,1144.9653045489592,2.1017733230532,4.378565921356977,45.26323313220467,564.6823438704703,349.0,0,54.59958809237453,1177.0,17.06177544266763,0.01579791218951245,0.1858370419223831,0.5439551908923457,6.844294528739095e-05,0.09737702612766273,0.040149817582815085,0.3685685038340663,0.0,0.0,0
13,5,GamingAccessory,551707.0,894,6.30035335689046,1047.5712603062427,2.136631330977621,4.163722025912839,41.4547175895516,630.7349823321555,135.0,0,54.599588092375406,1177.0,17.061775442667667,0.010087698800970631,0.11866556051759965,0.34734058913108057,4.370399131404444e-05,0.062179742356223006,0.025637518542369085,0.23534806432653696,0.0,0.0,0
14,5,HomeAudio,916000.0,710,7.299435028248587,1990.4632768361582,1.7274011299435028,5.572033898305085,30.219718422019977,1291.957627118644,130.0,0,54.59958809237591,1177.0,17.061775442667685,0.0144822935921738,0.17036090396854392,0.49865568823198,6.274315340371794e-05,0.08926766173885915,0.03680622090636383,0.3378748544314984,0.0,0.0,0
15,6,CameraAccessory,699.0,1,5.0,1450.0,4.0,1.0,51.79310344827586,699.0,0.0,0,59.987101024,1206.0,5.064306089216936,0.0004723355684191108,0.09376713280930123,0.07801238021094112,4.6404940970183234e-07,0.009482132540484018,0.005405897682083955,0.1844074540861366,0.0,0.0,0
16,6,GamingAccessory,1441.0,3,7.0,891.6666666666666,2.6666666666666665,4.333333333333333,56.27323656735422,480.3333333333333,1.0,0,59.987101024,1206.0,5.064306089216936,0.00030160814226834216,0.05987465823735751,0.049814518834786804,2.963170460554873e-07,0.006054780904706198,0.003451916108378574,0.11775270245581597,0.0,0.0,0
17,6,HomeAudio,2599.0,1,9.0,3099.0,2.0,7.0,16.134236850596963,2599.0,1.0,0,59.987101024,1206.0,5.064306089216936,0.0004330004049783829,0.08595839313134927,0.07151566488571554,4.254043010213903e-07,0.008692479467151138,0.004955705312323768,0.1690503693541005,0.0,0.0,0
18,7,GamingAccessory,1322.0,1,5.0,1995.0,4.0,1.0,33.734335839599,1322.0,0.0,0,59.987101024,1206.0,5.064306089216936,0.00030160814226834216,0.05987465823735751,0.049814518834786804,2.963170460554873e-07,0.006054780904706198,0.0034519161083785737,0.11775270245581596,0.0,0.0,0
19,8,GamingAccessory,359.0,1,3.0,699.0,3.0,0.0,48.640915593705294,359.0,0.0,0,59.987101024,1206.0,5.064306089216936,0.00030160814226834216,0.05987465823735751,0.049814518834786804,2.963170460554873e-07,0.006054780904706198,0.0034519161083785737,0.11775270245581596,0.0,0.0,0
20,9,GamingAccessory,614.0,2,6.5,674.5,3.5,3.0,41.89117689117689,307.0,0.0,1,59.987101024,1206.0,5.064306089216936,0.00030160814226834216,0.05987465823735751,0.049814518834786804,2.963170460554873e-07,0.006054780904706198,0.0034519161083785737,0.11775270245581596,0.0,0.0,0
21,10,CameraAccessory,557495.0,1003,6.313965341488277,1145.407747196738,2.0652395514780837,4.248725790010194,45.911987826689035,561.3455657492354,245.0,0,46.991991991732604,1101.5351681957186,95.78959865276727,0.2831753248019685,0.09949364474815418,4.583396926408365,0.04454647178996717,1.1956573581057661,0.3677809265751339,0.45364746116460425,0.0,0.0,1
22,10,GamingAccessory,577636.0,1098,5.603827751196172,922.0,2.2842105263157895,3.319617224880383,42.569367652966115,537.0555023923445,179.0,0,47.012913210093835,1101.7033492822966,95.6435372652176,0.1805299405988434,0.0635254144615146,2.9220796690485815,0.028399191972323486,0.7622632082882476,0.23447263279186062,0.2893981372561584,0.0,0.0,1
23,10,HomeAudio,479403.0,450,6.995535714285714,1653.919642857143,1.8303571428571428,5.165178571428571,33.92741757181884,1067.7075892857142,97.0,0,47.01288531005467,1101.703125,95.64373204921218,0.2591763757408517,0.09119957233492768,4.195060335671468,0.04077107459969381,1.0943371075435833,0.3366187640136999,0.41547177577717276,0.0,0.0,1
24,11,CameraAccessory,447470.0,799,6.204896907216495,1232.0257731958764,2.079896907216495,4.125,48.87845374463599,566.7087628865979,220.0,0,46.92541868726402,1101.0,96.25437986467198,0.2846235983123853,0.09952298138718614,4.6064777898622795,0.044774678796834944,1.2017340754498511,0.3696373560264301,0.4550267644795554,0.0,0.0,0
25,11,GamingAccessory,365568.0,653,5.95024077046549,979.4654895666132,2.260032102728732,3.6902086677367576,41.924073962146124,573.1187800963082,110.0,0,46.92541868726402,1101.0,96.25437986467286,0.1817453532454647,0.06355003420483743,2.941449472566331,0.0285907066829077,0.7673628797638791,0.23603057596794977,0.29055566909007247,0.0,0.0,0
26,11,HomeAudio,357437.0,326,6.620689655172414,1654.8996865203762,1.9843260188087775,4.636363636363637,30.96836331981649,1109.3291536050156,59.0,0,46.92541868726402,1101.0,96.25437986467276,0.2609207131026678,0.09123490612731114,4.222859513227307,0.04104593290887636,1.1016560600924146,0.338854694746519,0.41713304368563925,0.0,0.0,0
27,12,CameraAccessory,1096477.0,1949,6.6372703412073495,1163.4918635170604,2.1028871391076116,4.534383202099738,46.01050208713007,564.2146981627296,465.0,0,46.92541868726208,1101.0,96.25437986466825,0.2846235983123934,0.09952298138718808,4.606477789862116,0.04477467879683626,1.2017340754498738,0.3696373560264149,0.4550267644795787,0.0,0.0,1
28,12,GamingAccessory,950705.7510102331,1476,6.485935302390999,1101.2180028129396,2.20042194092827,4.285513361462729,41.187797817690026,657.488572748612,262.0,0,46.92541868726389,1101.0,96.25437986466912,0.18174535324546937,0.06355003420483742,2.9414494725664304,0.028590706682907658,0.7673628797638494,0.236030575967955,0.2905556690900672,0.0,0.0,1
29,12,HomeAudio,966148.0,883,7.3271889400921655,1690.5437788018432,1.9055299539170507,5.421658986175115,32.83319746585948,1106.0748847926268,189.0,0,46.92541868726402,1101.0,96.25437986467131,0.26092071310267134,0.09123490612731161,4.222859513227351,0.041045932908876454,1.1016560600924115,0.3388546947465207,0.4171330436856391,0.0,0.0,1
30,13,CameraAccessory,1061658.0,1842,6.636616583194213,1200.0740122426266,2.126321647189761,4.510294936004452,46.069403799978495,580.646633277685,430.0,0,46.9254186872624,1101.0,96.2543798646684,0.284623598312396,0.09952298138718761,4.606477789862077,0.04477467879683596,1.2017340754498615,0.36963735602641734,0.4550267644795767,0.0,0.0,0
31,13,GamingAccessory,973568.0,1695,6.3628536285362856,1107.9138991389914,2.1346863468634685,4.228167281672817,45.84389893468844,583.9145141451414,308.0,0,46.925418687263,1101.0,96.25437986466869,0.18174535324546648,0.06355003420483742,2.9414494725663882,0.028590706682907377,0.7673628797638461,0.2360305759679555,0.2905556690900655,0.0,0.0,0
32,13,HomeAudio,1223796.0,1176,7.17008547008547,1574.9700854700855,1.8811965811965812,5.288888888888889,32.903970134807764,1042.6324786324785,227.0,0,46.92541868726402,1101.0,96.25437986466986,0.260920713102673,0.09123490612731168,4.222859513227357,0.04104593290887723,1.101656060092411,0.3388546947465268,0.41713304368563514,0.0,0.0,0
33,14,CameraAccessory,1564973.0,3358,5.455012077294686,1474.5573671497584,2.0033212560386473,3.4516908212560384,61.957986539125166,466.96286231884056,547.0,0,45.85570379774781,1147.1407004830917,127.53773987075435,0.35497300126122866,0.44940395978308373,5.286145445698548,0.13278203406215083,1.4499309853315756,0.42974548913071386,1.253950802870025,0.0,0.0,1
34,14,GamingAccessory,978894.0,1618,6.217997465145754,1080.437896070976,2.259188846641318,3.958808618504436,43.95416801561814,611.6793409378961,230.0,0,45.51937805141497,1161.6476552598226,137.37344422983134,0.24079028955971368,0.3572085333676201,3.5119011291765396,0.10245613366606811,0.9756769538437762,0.2864799151570009,0.9611003644159619,0.0,0.0,1
35,14,HomeAudio,1172485.0,1038,7.2398452611218564,1744.298839458414,1.913926499032882,5.325918762088975,32.78099215466645,1131.3955512572534,214.0,0,45.47860861576044,1163.4061895551258,138.56572915110257,0.3481458280283102,0.5250468117247549,5.065568717663336,0.15016486435029558,1.4093914932469402,0.4133818207521513,1.4077063555322902,0.0,0.0,1
36,15,CameraAccessory,1192208.0,2137,6.241575700047461,1275.9245372567632,2.082107261509255,4.159468438538206,49.35161140728173,559.6373991457048,445.0,0,44.398388933997424,1210.0,170.15629736834265,0.45081277275357357,0.9260606421912002,6.212083550297278,0.25267793174884906,1.7880594431590013,0.5116331740303155,2.3423565898355982,0.0,0.0,0
37,15,GamingAccessory,911973.0,1562,5.7246184472461845,1047.2886529528864,2.086264100862641,3.6383543463835433,40.18474874702897,592.2893165228932,222.0,0,44.398388933995776,1210.0,170.15629736834103,0.28786484015193986,0.5913326215384066,3.966703133307727,0.1613465652016203,1.1417587896705719,0.32670148398653615,1.495703196680358,0.0,0.0,0
38,15,HomeAudio,1004890.0,938,6.712137486573577,1681.2846401718582,2.021482277121375,4.690655209452202,33.43787783571103,1075.3984962406016,192.0,0,44.39838893399646,1210.0,170.15629736833753,0.413269984780224,0.8489401601607006,5.694753630434782,0.23163541789270636,1.6391534213792054,0.4690253844252787,2.1472898079583165,0.0,0.0,0
39,16,CameraAccessory,2922538.251831481,6191,6.417411453161205,1152.4119496855346,2.186031115524661,4.231380337636544,54.48512850307305,476.5471285550524,1424.0,1,44.39838893399945,1210.0,170.1562973683453,0.4508127727535773,0.9260606421912391,6.212083550296891,0.25267793174884906,1.7880594431590005,0.5116331740303782,2.3423565898356107,0.0,0.0,1
40,16,GamingAccessory,3167713.997902236,6228,5.683791846204839,1044.199867417965,2.167219091813059,3.5165727543917797,49.861061873919724,514.2884619856515,1139.0,1,44.398388933999485,1210.0,170.1562973683453,0.28786484015194647,0.5913326215383147,3.966703133308094,0.1613465652016036,1.1417587896704149,0.32670148398648413,1.495703196680503,0.0,0.0,1
41,16,HomeAudio,3568673.0,2992,6.943453382699428,1838.509256142713,2.0669808145405586,4.876472568158869,34.357911846798146,1195.8744530461124,677.0,1,44.39838893399862,1210.0,170.15629736834384,0.41326998478022264,0.8489401601606829,5.694753630434599,0.2316354178927082,1.6391534213790737,0.46902538442530534,2.1472898079582774,0.0,0.0,1
42,17,CameraAccessory,1254770.110548649,2254,6.923427529626253,1196.3577939835916,2.138559708295351,4.784867821330902,47.62770286964091,558.995036713149,430.0,0,44.39838893399759,1210.0,170.15629736834282,0.4508127727535738,0.9260606421912027,6.212083550297282,0.25267793174884906,1.7880594431590013,0.5116331740303147,2.342356589835599,0.0,0.0,0
43,17,GamingAccessory,992776.0,1748,6.325882352941177,1030.2664705882353,2.068235294117647,4.25764705882353,42.40984298715904,574.1252941176471,256.0,0,44.39838893399643,1210.0,170.15629736834168,0.28786484015193986,0.5913326215384074,3.966703133307692,0.16134656520161905,1.1417587896705723,0.3267014839865365,1.49570319668038,0.0,0.0,0
44,17,HomeAudio,1323833.0,1194,7.05832628909552,1706.7852916314455,2.084530853761623,4.973795435333897,34.52283319670371,1112.3989856297549,222.0,0,44.398388933995996,1210.0,170.1562973683395,0.413269984780228,0.8489401601607084,5.694753630434853,0.23163541789270778,1.6391534213792054,0.46902538442528025,2.147289807958304,0.0,0.0,0
45,18,CameraAccessory,1532157.0004443466,2784,6.808103130755065,1180.032044198895,2.0320441988950275,4.776058931860037,48.20810616339166,553.1664825591587,540.0,0,44.70694096466188,1212.7278084714549,156.0499604333176,0.4340708932183806,0.8273276613926394,5.598643031129305,0.22417755258732966,1.7462047443210291,0.5083445905501943,2.109990348090305,0.0,0.0,1
46,18,GamingAccessory,1405713.461978789,2626,6.124605678233438,1022.8966876971609,1.9507097791798107,4.173895899053628,47.260131548872735,542.2629701876017,389.0,0,44.719486829762126,1212.8387223974764,155.4763903943583,0.27673969530058595,0.5257235774236388,3.5590658295582447,0.14240778083015515,1.1139459275421715,0.32451618767645724,1.3412935264552552,0.0,0.0,1
47,18,HomeAudio,1575308.0,1357,6.96807720861173,1767.7186340014848,1.9450631031922792,5.023014105419451,32.93463320429158,1163.987379361544,247.0,0,44.76342567599659,1213.227171492205,153.4676006022244,0.3951127363672122,0.7418602319394964,5.029452469371849,0.2007255990033281,1.5937603003466732,0.4654587820584318,1.8952791800417175,0.0,0.0,1
48,19,CameraAccessory,1639681.0,3154,6.154442649434572,1158.4442649434573,2.2655896607431343,3.8888529886914376,50.62051861079219,522.0710823909532,556.0,1,46.99999999999999,1233.0,51.216220416189145,0.3096506518279493,0.09357603701079013,1.0397512225299235,0.012371939750376213,1.4351541408450184,0.4839049002771196,0.38311948940522,0.0,0.0,0
49,19,GamingAccessory,1470290.0011511762,2975,5.452657514959522,944.238296374516,1.99190425906371,3.460753255895811,48.193514826961334,506.48159112415533,459.0,1,46.99999999999999,1233.0,51.21622041618935,0.1977262863404219,0.05975263471713423,0.6639293240144081,0.007900056683971453,0.9164124051417383,0.3089956966307128,0.24463954271547056,0.0,0.0,0
50,19,HomeAudio,1205247.5,1086,6.759740259740259,1627.725417439703,1.9833024118738405,4.776437847866419,30.756051208004948,1113.4531539888683,215.0,1,46.99999999999999,1233.0,51.216220416192094,0.28386356355096026,0.08578321140954379,0.95316281587484,0.011341629300141147,1.3156373683060891,0.44360626596954583,0.3512140629654407,0.0,0.0,0
51,20,CameraAccessory,1402863.0,2569,6.563838223632038,1213.7323552735925,2.1752577319587627,4.388580491673276,48.79289633177561,546.6923076923077,530.0,1,46.99999999999999,1233.0,51.21622041618967,0.3096506518279489,0.09357603701078986,1.0397512225299157,0.012371939750376754,1.4351541408450128,0.48390490027711514,0.3831194894052048,0.0,0.0,1
52,20,GamingAccessory,1350319.0,2470,6.344316309719934,1010.6387973640857,2.074135090609555,4.270181219110379,44.32538052093367,550.2203459637561,386.0,1,46.99999999999999,1233.0,51.21622041618978,0.19772628634042355,0.05975263471713284,0.663929324014416,0.007900056683971288,0.91641240514174,0.3089956966307073,0.24463954271546487,0.0,0.0,1
53,20,HomeAudio,1196277.1200024122,1060,7.333333333333333,1666.0828571428572,1.8514285714285714,5.481904761904762,30.656298255003808,1133.8224380963868,222.0,1,46.99999999999999,1233.0,51.21622041619204,0.2838635635509608,0.08578321140954365,0.9531628158748399,0.011341629300141157,1.3156373683060871,0.4436062659695458,0.35121406296544116,0.0,0.0,1
54,21,CameraAccessory,1053853.0,1937,6.004756871035941,1247.1136363636363,2.0544397463002113,3.9503171247357294,48.924814728226366,544.8868921775899,349.0,0,46.99999999999999,1233.0,51.21622041619061,0.30965065182794815,0.09357603701078934,1.0397512225299017,0.01237193975037668,1.4351541408450026,0.4839049002771073,0.3831194894052053,0.0,0.0,0
55,21,GamingAccessory,1081336.0,1842,5.900721020521353,1103.7953410981697,2.0704381586245146,3.8302828618968388,44.35825300394715,589.9462007764837,250.0,0,46.99999999999999,1233.0,51.2162204161908,0.1977262863404275,0.059752634717132186,0.6639293240144348,0.007900056683971115,0.9164124051417443,0.30899569663069404,0.24463954271546048,0.0,0.0,0
56,21,HomeAudio,861101.0,772,6.629434954007884,1666.84494086728,2.055190538764783,4.574244415243101,31.920790443153404,1123.3206307490145,148.0,0,46.99999999999999,1233.0,51.21622041619125,0.2838635635509644,0.08578321140954173,0.9531628158748315,0.011341629300141329,1.315637368306058,0.44360626596954433,0.3512140629654471,0.0,0.0,0
57,22,CameraAccessory,1116641.000542772,1918,6.439257294429709,1179.115649867374,2.123607427055703,4.315649867374005,44.305462101334534,584.2413795982875,356.0,0,46.99999999999999,1233.0,51.21622041619062,0.30965065182794815,0.09357603701078933,1.0397512225299015,0.012371939750376678,1.4351541408450024,0.48390490027710714,0.3831194894052053,0.0,0.0,0
58,22,GamingAccessory,1496676.0,2707,6.078947368421052,1103.6803966437833,2.0125858123569795,4.066361556064074,45.962800039211686,559.5152555301297,425.0,0,46.99999999999999,1233.0,51.216220416189564,0.1977262863404227,0.05975263471713355,0.663929324014412,0.007900056683971373,0.9164124051417392,0.3089956966307101,0.24463954271546776,0.0,0.0,0
59,22,HomeAudio,1146037.0,971,7.249217935349322,1766.3003128258604,1.905109489051095,5.344108446298227,31.567144692376395,1185.84984358707,188.0,0,46.99999999999999,1233.0,51.216220416191845,0.28386356355096304,0.08578321140954318,0.9531628158748378,0.0113416293001412,1.3156373683060791,0.4436062659695454,0.35121406296544266,0.0,0.0,0
60,23,CameraAccessory,1227462.0,2171,6.259172154280338,1204.1481655691439,2.129821260583255,4.129350893697084,46.99256748563076,568.3386641580432,402.0,0,45.99698965193032,1070.0108184383819,97.62976474373828,0.38181925847139847,0.20321374755963467,3.6479940321348274,0.06748073697511674,1.615575657453478,0.4980808765820363,0.7485393994726047,0.0,0.0,1
61,23,GamingAccessory,1553554.0,2735,6.324495892457057,1044.5104555638536,2.0929798356982823,4.2315160567587755,43.22506639922545,572.637789395071,340.0,0,45.9855115758049,1068.1456310679612,98.16090402468137,0.24433664166857597,0.13056254616927002,2.348472365539555,0.04349227246614061,1.0329382934621638,0.31815130214159903,0.48064731180500025,0.0,0.0,1
62,23,HomeAudio,916252.0,862,6.883802816901408,1657.3908450704225,2.0481220657276995,4.835680751173709,34.19665915984169,1067.3415492957747,178.0,0,46.04084507042256,1077.137323943662,95.6003884624402,0.34712940985257784,0.1818959516584251,3.2396513097575164,0.059652173971079164,1.4738019840601153,0.45603348577878994,0.6715555651936116,0.0,0.0,1
63,24,CameraAccessory,1407888.0,2637,5.968339768339768,1329.6196911196912,1.9675675675675677,4.000772200772201,52.72421026562605,533.6108108108108,499.0,0,45.80000000000196,1038.0,106.74531171634025,0.39599305910086713,0.22474642115646098,4.160248810160997,0.07830401791571083,1.6510101590271375,0.5008650159913954,0.820307294021579,0.0,0.0,0
64,24,GamingAccessory,1483030.250092627,2816,6.011704462326262,1036.3529626920263,2.1221653255303585,3.8895391367959036,46.777417181827786,531.7109546790881,425.0,0,45.80000000000201,1038.0,106.74531171634017,0.2528599133584383,0.14351100170866066,2.6565115966311943,0.050000743019947586,1.0542464726868248,0.3198255162235372,0.5238042095095353,0.0,0.0,0
65,24,HomeAudio,1014544.0,898,7.117977528089888,1799.861797752809,1.9247191011235956,5.193258426966292,34.13794714211814,1131.9258426966292,168.0,0,45.80000000000015,1038.0,106.74531171634338,0.36301554747016646,0.2060299877561609,3.813791592362448,0.07178301558448649,1.5135173281040897,0.45915397709653155,0.751993739761918,0.0,0.0,0
66,25,CameraAccessory,1259280.0,2167,6.756005652378709,1188.9274611398964,2.167687235044748,4.588318417333961,45.85720312673589,582.6490814884597,436.0,0,45.80000000000175,1038.0,106.74531171634062,0.39599305910086563,0.2247464211564543,4.160248810160854,0.07830401791571044,1.651010159027142,0.5008650159913957,0.8203072940215773,0.0,0.0,1
67,25,GamingAccessory,1331840.0,2632,6.79897718332022,1117.3095987411486,2.1782061369000787,4.620771046420142,48.55464476006107,514.5021636506688,365.0,0,45.800000000001944,1038.0,106.7453117163403,0.2528599133584407,0.14351100170866177,2.656511596631179,0.050000743019947384,1.0542464726868246,0.3198255162235366,0.5238042095095353,0.0,0.0,1
68,25,HomeAudio,1020977.0,900,7.599777034559644,1703.8862876254182,1.9520624303232998,5.647714604236343,32.489711737693476,1136.7134894091416,165.0,0,45.800000000000175,1038.0,106.74531171634334,0.3630155474701666,0.20602998775616085,3.813791592362449,0.07178301558448649,1.5135173281040903,0.45915397709653166,0.7519937397619181,0.0,0.0,1
69,26,CameraAccessory,1434999.0,2765,6.386775027705948,1158.6786110084965,2.152936830439601,4.233838197266347,51.14366346745242,521.2177687476911,612.0,1,45.800000000002,1038.0,106.74531171634018,0.3959930591008674,0.2247464211564631,4.160248810161025,0.07830401791571091,1.6510101590271515,0.5008650159913953,0.8203072940215714,0.0,0.0,0
70,26,GamingAccessory,2206569.0,4303,5.988650084520647,1366.6906544312967,2.2765032600821056,3.7121468244385416,55.28866557946388,521.3250020123965,596.0,1,45.799999999997816,1038.0,106.74531171633964,0.25285991335842756,0.14351100170866352,2.6565115966312605,0.0500007430199485,1.0542464726868257,0.31982551622354,0.523804209509548,0.0,0.0,0
71,26,HomeAudio,919274.0,829,7.011015911872705,1680.3855569155446,1.9767441860465116,5.034271725826193,32.613895163018526,1116.3965728274175,161.0,1,45.79999999999991,1038.0,106.7453117163438,0.36301554747016496,0.20602998775616158,3.8137915923624366,0.07178301558448648,1.5135173281040823,0.45915397709653005,0.7519937397619171,0.0,0.0,0
72,27,CameraAccessory,1362286.0,2597,6.154359780047133,1124.7458758837392,1.988609583660644,4.1657501963864885,48.1675685507787,527.3758837391988,476.0,1,46.39268167961898,1044.4171249018068,91.82581180551094,0.36177600883228933,0.13706487416446528,2.394571539947198,0.07267774280001357,1.6643352560762228,0.5191273661515682,0.5855458719363897,0.09079688821257169,0.9109954450661316,1
73,27,GamingAccessory,1605851.0,3099,6.185690515806988,1282.0838602329452,2.15540765391015,4.030282861896839,51.45215180994938,526.3890183028286,399.0,1,46.391222975238314,1044.4013311148087,91.86253158380946,0.2310645166354204,0.08766007104749578,1.5318197752412879,0.046416947886903336,1.0627342229246308,0.3314581719817729,0.3742671135457107,0.05783532432740182,0.58028108741827,1
74,27,HomeAudio,1300364.0,1079,7.133953488372093,1795.599069767442,1.8855813953488372,5.248372093023256,31.548008241973495,1207.1293023255814,202.0,1,46.42306067569079,1044.7460465116278,91.06108523349126,0.3300402244490622,0.12153037974325266,2.112190259713066,0.06636091642954663,1.526358861083308,0.47675359164336156,0.5257517444585964,0.08750189436614958,0.8779356734737034,1
75,28,CameraAccessory,1605146.0,3449,6.047139045360214,1089.6869255855322,2.2525941298547285,3.794544915505485,53.13991755877157,467.1375630002965,529.0,0,47.09303132503072,1052.0,74.19599999999771,0.32134300770088287,0.0334548884729709,0.30813713067209225,0.06602938514401971,1.6800810219977296,0.5407072983459905,0.30813713067209225,0.19808815543205832,1.9874844928347604,0
76,28,GamingAccessory,1690682.0,3362,6.177404580152672,1183.6241221374046,2.1572519083969466,4.020152671755725,49.95123534952733,508.1865648854962,465.0,0,47.09303132503079,1052.0,74.19599999999775,0.20519239723565905,0.021362496150560344,0.19675983296569682,0.04216282134979173,1.0728095654558294,0.3452666592755443,0.19675983296569682,0.1264884640493744,1.2691009226287244,0
77,28,HomeAudio,1207999.0,1055,6.747378455672068,1688.540514775977,2.003813155386082,4.7435653002859866,31.6434168068834,1148.4795042897997,181.0,0,47.09303132503374,1052.0,74.19600000000088,0.294582203362661,0.03066883213090677,0.2824760854162488,0.060530589732053296,1.5401672276266434,0.4956782736946943,0.2824760854162488,0.18159176919616,1.8219707509347711,0
78,29,CameraAccessory,1285497.0,2639,6.44654573523736,1137.7502894635277,2.097645696642223,4.348900038595137,53.01667238741218,487.9282130451563,456.0,0,47.093031325031454,1052.0,74.19599999999814,0.321343007700877,0.033454888472969915,0.3081371306720917,0.06602938514401957,1.680081021997809,0.5407072983459941,0.3081371306720917,0.1980881554320577,1.987484492834844,1
79,29,GamingAccessory,1631372.0,3047,6.122517670817906,1155.8421406933692,2.1676203298552674,3.954897340962639,47.44234406570604,540.2652305621003,456.0,0,47.09303132503105,1052.0,74.1959999999979,0.20519239723565572,0.021362496150560503,0.1967598329657012,0.042162821349791796,1.0728095654558296,0.3452666592755522,0.1967598329657012,0.1264884640493745,1.26910092262872,1
80,29,HomeAudio,983815.0,829,6.890776699029126,1763.1674757281553,1.9393203883495145,4.951456310679611,31.34094721690356,1190.4211165048544,172.0,0,47.09303132503325,1052.0,74.1960000000016,0.2945822033626598,0.030668832130906768,0.28247608541624875,0.060530589732053275,1.5401672276266483,0.4956782736946945,0.28247608541624875,0.18159176919615996,1.8219707509347838,1
81,30,CameraAccessory,1705972.0,3643,6.2369813422445,1049.0392648287386,2.337231968810916,3.899749373433584,52.495529777078765,470.03508771929825,695.0,1,47.09303132503057,1052.0,74.19599999999762,0.3213430077008893,0.0334548884729711,0.3081371306720923,0.06602938514401972,1.6800810219977136,0.5407072983459897,0.3081371306720923,0.19808815543205843,1.9874844928347435,0
82,30,GamingAccessory,2144142.8956802124,3686,6.398383049902425,1133.468636743797,2.2347365486478954,4.16364650125453,46.76173381972184,586.7050314580725,617.0,1,47.09303132503057,1052.0,74.19599999999762,0.20519239723566188,0.0213624961505602,0.19675983296569308,0.04216282134979168,1.0728095654558292,0.34526665927553757,0.19675983296569308,0.1264884640493743,1.2691009226287615,0
83,30,HomeAudio,1171921.0,1028,7.122428991185113,1714.6082272282076,2.01077375122429,5.111655239960823,33.2655263311843,1140.6429970617041,216.0,1,47.09303132503369,1052.0,74.196000000001,0.2945822033626609,0.030668832130906768,0.2824760854162488,0.060530589732053296,1.5401672276266438,0.4956782736946943,0.2824760854162488,0.18159176919616,1.8219707509347725,0
84,31,CameraAccessory,1300352.0,2383,6.549680170575693,1129.6243070362473,2.100213219616205,4.449466950959488,47.915422943208576,548.4545842217484,431.0,0,47.09303132503178,1052.0,74.19599999999834,0.3213430077008772,0.033454888472969464,0.3081371306720915,0.06602938514401951,1.680081021997827,0.5407072983459957,0.3081371306720915,0.1980881554320574,1.9874844928348818,0
85,31,GamingAccessory,1391588.0,2573,6.291932907348243,1081.1214057507987,2.281150159744409,4.010782747603834,46.635560821986225,542.7234424920127,411.0,0,47.09303132503156,1052.0,74.19599999999821,0.205192397235649,0.021362496150560833,0.19675983296570781,0.04216282134979193,1.0728095654558298,0.34526665927554717,0.19675983296570781,0.12648846404937475,1.2691009226287246,0
86,31,HomeAudio,1080067.0,946,6.991498405951116,1688.4027630180658,1.9415515409139215,5.049946865037194,32.15035511123563,1144.4367693942613,169.0,0,47.093031325033536,1052.0,74.1960000000014,0.2945822033626605,0.030668832130906768,0.28247608541624875,0.06053058973205329,1.5401672276266454,0.49567827369469436,0.28247608541624875,0.18159176919615996,1.8219707509347765,0
87,32,CameraAccessory,1790209.0,3963,6.248137683020807,1084.1186745440534,2.2468533264834316,4.001284356537375,54.59160891258889,452.75366041613154,670.0,1,50.327406499078315,1222.0,48.05199999999796,0.1897249921538861,0.14032352304304374,0.860256897116284,0.043782690497049484,1.4594230165684456,0.47431248038470075,0.35755863905926677,0.0,0.0,1
88,32,GamingAccessory,1677618.250137741,3259,6.046672973825292,1055.2062440870388,2.284137496058026,3.762535477767266,47.50623355043063,519.0134815949988,527.0,1,50.32740649908039,1222.0,48.0519999999984,0.12114819685701148,0.08960307021385978,0.5493138818258771,0.027957276197772444,0.9319092065925042,0.3028704921425667,0.2283177556151614,0.0,0.0,1
89,32,HomeAudio,1374374.0,1168,6.658031088082901,1747.0690846286702,1.9525043177892918,4.70552677029361,32.10232254291749,1180.3514680483593,221.0,1,50.3274064990817,1222.0,48.05200000000121,0.17392507346442931,0.12863766010464903,0.7886164196430946,0.04013655541486781,1.3378851804955647,0.434812683661054,0.32778186922142155,0.0,0.0,1
90,33,CameraAccessory,1391401.0,2733,6.183658170914542,1120.6195652173913,2.118065967016492,4.065592203898051,49.08756248691115,512.4089205397302,516.0,1,50.32740649908251,1222.0,48.05199999999885,0.1897249921538993,0.14032352304304166,0.8602568971162239,0.04378269049705279,1.4594230165684174,0.47431248038470253,0.357558639059244,0.0,0.0,0
91,33,GamingAccessory,1611661.5002754822,3248,5.741700916851091,1056.1090736642427,2.218779639582675,3.522921277268416,49.956321139466795,499.09458328869704,540.0,1,50.32740649908042,1222.0,48.05199999999841,0.12114819685701148,0.0896030702138598,0.5493138818258773,0.027957276197772458,0.9319092065925042,0.3028704921425667,0.22831775561516132,0.0,0.0,0
92,33,HomeAudio,1192557.0,1044,6.729026036644166,1747.2864030858245,2.1793635486981677,4.549662487945998,34.239516336023314,1145.443587270974,183.0,1,50.32740649908146,1222.0,48.05200000000096,0.17392507346442904,0.12863766010464794,0.7886164196430983,0.040136555414867756,1.3378851804955716,0.4348126836610544,0.32778186922141944,0.0,0.0,0
93,34,CameraAccessory,2048439.0,4559,5.9439336174030055,1078.9847499439336,2.207221350078493,3.736712267324512,51.20392428200264,451.18441354563805,823.0,1,50.327406499077156,1222.0,48.05199999999772,0.18972499215388228,0.14032352304305007,0.8602568971163005,0.04378269049704819,1.4594230165684536,0.4743124803847074,0.3575586390592753,0.0,0.0,1
94,34,GamingAccessory,2022935.0758199086,4354,5.717145548751766,1041.6632124352332,2.237164390014131,3.4799811587376355,52.33337489345212,466.25240042865795,686.0,1,50.327406499077554,1222.0,48.051999999997804,0.12114819685701032,0.08960307021385848,0.5493138818258879,0.027957276197771205,0.9319092065925123,0.3028704921425686,0.22831775561516968,0.0,0.0,1
95,34,HomeAudio,1427027.0,1193,6.686224489795919,1814.7755102040817,2.136904761904762,4.549319727891157,34.0413048565202,1202.983843537415,215.0,1,50.32740649908173,1222.0,48.052000000001236,0.17392507346442934,0.12863766010464917,0.788616419643094,0.04013655541486782,1.3378851804955638,0.43481268366105397,0.32778186922142183,0.0,0.0,1
96,35,CameraAccessory,1885103.0,4446,6.038593286138388,1132.7131765243207,1.9611783512217402,4.077414934916647,56.962728920333205,424.7593057775748,705.0,0,50.3274064990773,1222.0,48.05199999999775,0.18972499215388275,0.1403235230430493,0.8602568971162984,0.04378269049704835,1.4594230165684525,0.47431248038470347,0.35755863905927426,0.0,0.0,0
97,35,GamingAccessory,1866201.350183419,3954,6.206468305304011,1059.0698576972834,2.195601552393273,4.010866752910737,52.84613515782441,473.10156537733997,587.0,0,50.32740649907838,1222.0,48.051999999997975,0.12114819685701066,0.08960307021385885,0.5493138818258732,0.027957276197771566,0.93190920659251,0.30287049214256806,0.2283177556151673,0.0,0.0,0
98,35,HomeAudio,1515281.0,1187,6.785411365564038,1916.7871077184054,2.1509754028838,4.634435962680238,33.119327420007416,1280.559796437659,211.0,0,50.32740649908174,1222.0,48.05200000000124,0.17392507346442934,0.1286376601046492,0.7886164196430939,0.04013655541486782,1.3378851804955636,0.434812683661054,0.32778186922142183,0.0,0.0,0
99,36,CameraAccessory,1788057.001223748,3953,5.968123393316195,1079.8845758354755,2.1460154241645246,3.822107969151671,52.197127085606695,454.10205666013263,762.0,0,49.23791182505937,1049.4290488431877,91.3803319524708,0.6003760399703657,0.15178243619374143,2.6868698579686043,0.02991259074681268,1.3704578183967902,0.4591835516217484,0.37712860318124075,0.053212215806676615,0.9752848117555456,1
100,36,GamingAccessory,1917160.2519998252,3898,5.949396958573676,1033.9229155742003,2.145516518091243,3.803880440482433,50.97939859532099,495.1622751556312,601.0,0,49.18844749939965,1041.5941269008915,93.34748862896738,0.3952729953284085,0.09725231955788413,1.7686457511621938,0.01869847040869821,0.8725216386088493,0.2927713713189557,0.24138143218326558,0.03552112678582768,0.6510387685513244,1
101,36,HomeAudio,1448342.0,1210,6.635986733001658,1786.0364842454394,2.160033167495854,4.4759535655058045,32.786737968425285,1198.7014925373135,236.0,0,49.203683647014536,1044.0074626865671,92.74155922233822,0.5622047762196587,0.13947231745108707,2.5157196165295392,0.027022067489305367,1.2537666061360544,0.42050794489484,0.3462857057332612,0.05031333402465567,0.9221534897420163,1
102,37,CameraAccessory,1860610.0,4270,5.910419161676646,1113.7082634730539,2.102994011976048,3.807425149700599,54.607048983720695,438.7195209580838,934.0,1,49.020550414609,1015.0,100.02462142926677,0.6823036464881415,0.15406856533604626,3.051291253488643,0.027145413892540656,1.3527086715522187,0.45616523003382153,0.3810329407658591,0.06382840563921531,1.1698605975113245,0
103,37,GamingAccessory,2112722.250679897,3819,5.646396999732119,1131.5389766943476,2.1427806054111973,3.5036163943209213,49.969718191456145,555.9117109362879,753.0,1,49.0205504146101,1015.0,100.02462142926626,0.43568248728117026,0.09837991648284578,1.9483908221534134,0.017333604332691686,0.863767153557121,0.29128263208804084,0.24330718474595267,0.04075739397146378,0.7470101875014342,0
104,37,HomeAudio,1469342.0,1235,6.6558177379983725,1802.458909682669,2.1236777868185515,4.532139951179821,34.39084734205496,1192.13425549227,299.0,1,49.02055041461416,1015.0,100.02462142925744,0.6254827605645322,0.14123804270812443,2.797185807728966,0.024884798000954556,1.2400577931497836,0.4181767001007309,0.34930127793239335,0.05851290340765106,1.0724369417828918,0
105,38,CameraAccessory,1500613.5,3451,5.920751394188436,1200.4804813619019,1.9979454065159965,3.9228059876724393,57.51737030847409,434.5542999706487,662.0,0,49.02055041461109,1015.0,100.0246214292658,0.6823036464881778,0.15406856533604613,3.0512912534886367,0.027145413892540656,1.3527086715522372,0.4561652300338319,0.38103294076585825,0.06382840563921428,1.1698605975112717,1
106,38,GamingAccessory,1314071.2505629165,2336,6.061152661680598,1079.7448306203255,2.130664320281566,3.930488341399032,43.366693182637555,567.2205237848291,416.0,0,49.020550414614206,1015.0,100.02462142926318,0.4356824872811796,0.09837991648285375,1.9483908221532489,0.017333604332691953,0.8637671535571397,0.29128263208804056,0.24330718474594878,0.0407573939714656,0.7470101875014091,1
107,38,HomeAudio,1283850.0,1080,6.622676579925651,1793.7871747211896,2.2230483271375463,4.399628252788104,34.12554990658023,1191.2128252788104,223.0,0,49.02055041461415,1015.0,100.02462142925756,0.6254827605645334,0.1412380427081244,2.797185807728966,0.024884798000954587,1.240057793149775,0.41817670010073094,0.34930127793239274,0.058512903407651674,1.0724369417829014,1
108,39,CameraAccessory,1617127.0,3622,5.604429492570787,1090.7521726941407,2.062797869358004,3.541631623212784,52.918121291505074,447.95093916456403,1042.0,0,49.02055041461058,1015.0,100.02462142926603,0.6823036464881689,0.15406856533604615,3.0512912534886385,0.027145413892540656,1.3527086715522327,0.45616523003382936,0.3810329407658585,0.06382840563921427,1.169860597511275,0
109,39,GamingAccessory,1331551.5,2280,6.113165013525699,1111.8422001803426,2.131199278629396,3.981965734896303,42.578997655322546,589.2556357078449,631.0,0,49.020550414614206,1015.0,100.02462142926298,0.4356824872811802,0.09837991648285371,1.9483908221532384,0.01733360433269197,0.863767153557141,0.29128263208804056,0.24330718474594853,0.040757393971465716,0.7470101875014075,0
110,39,HomeAudio,1145983.0,1019,6.472906403940887,1752.5408866995074,2.2679802955665025,4.2049261083743845,35.482329494460444,1126.857142857143,321.0,0,49.02055041461414,1015.0,100.02462142925764,0.6254827605645341,0.1412380427081244,2.797185807728966,0.024884798000954604,1.2400577931497707,0.418176700100731,0.34930127793239246,0.05851290340765159,1.0724369417829058,0
111,40,CameraAccessory,1843524.0033060857,4159,5.568459657701712,1092.0303178484107,2.07799511002445,3.4904645476772616,53.87535481084745,444.72102716431016,2143.0,0,50.44741264510482,1130.387041564792,78.07750795154804,0.5295966213260735,0.10826888726165881,2.406808889815969,0.014647663055811257,1.2809829512697004,0.4366158996526145,0.34472335102336177,0.031383599936542945,0.5752052962335753,1
112,40,GamingAccessory,1357487.5,2320,6.000886524822695,1154.3927304964539,2.0713652482269502,3.929521276595745,43.870209323882534,589.0241578014185,1235.0,0,50.276010563513736,1116.5261524822695,80.71390889805306,0.3498854447950983,0.07264778712319858,1.5862943129790252,0.010311857570345638,0.8234687150020945,0.280299019988251,0.22290697453632724,0.022528577252845784,0.4129085566552328,1
113,40,HomeAudio,980578.0,881,6.040229885057471,1780.03908045977,2.197701149425287,3.842528735632184,36.26087394875376,1120.26091954023,478.0,0,50.101427762317094,1102.4080459770114,83.39923370887608,0.5194375541200645,0.10943311224514005,2.3496342610142955,0.01620591393412419,1.1902488940066565,0.4046009476170168,0.32408660338764944,0.03598207278516431,0.6594870848894776,1
114,41,CameraAccessory,1879317.0,4121,5.890228894905243,1230.0031996062023,2.032734432685208,3.8574944622200347,57.04347027527073,457.4341619492985,3893.0,0,51.827605019092395,1242.0,56.84824137930994,0.3818843425377305,0.0639672265557409,1.7834062763740313,0.0025586890622294805,1.211603238192212,0.41770598940894194,0.30960137652975717,0.0,0.0,0
115,41,GamingAccessory,1450082.0015262654,2278,6.2761126248864665,1215.3383287920074,2.100363306085377,4.17574931880109,43.172975614036005,645.5424616297707,2081.0,0,51.82760501909383,1242.0,56.84824137930996,0.2438508442201023,0.04084603755780361,1.1387875271116144,0.001633841502312247,0.773664797382413,0.26672462525244883,0.197694821779765,0.0,0.0,0
116,41,HomeAudio,888232.0,798,6.31704260651629,1794.7368421052631,2.2794486215538847,4.037593984962406,36.91420217377611,1113.0726817042607,769.0,0,51.827605019095095,1242.0,56.84824137931004,0.35008177666397555,0.05864016359530609,1.6348877610371293,0.0023456065438121655,1.1107033386586842,0.38292026827734166,0.28381839180127616,0.0,0.0,0
117,42,CameraAccessory,1395482.0,3239,5.676268002504696,1159.5463368816531,2.0225422667501567,3.6537257357545396,56.97026041001489,430.28083907326237,3074.0,0,51.82760501909286,1242.0,56.84824137930995,0.3818843425377497,0.06396722655573939,1.783406276374018,0.0025586890622293387,1.211603238192282,0.41770598940895687,0.3096013765297423,0.0,0.0,1
118,42,GamingAccessory,1249617.0,1996,6.072932717000514,1202.542886492039,2.047765793528505,4.025166923472008,44.09966504112963,632.2843691148777,1866.0,0,51.82760501909424,1242.0,56.84824137930996,0.2438508442201019,0.04084603755780424,1.138787527111614,0.0016338415023122437,0.7736647973824041,0.26672462525245044,0.19769482177976716,0.0,0.0,1
119,42,HomeAudio,659773.0,605,6.250853242320819,1798.730375426621,2.1109215017064846,4.139931740614334,37.80663480227026,1106.382252559727,562.0,0,51.82760501909434,1242.0,56.84824137931008,0.3500817766639757,0.05864016359530588,1.6348877610371275,0.0023456065438121868,1.1107033386586753,0.3829202682773391,0.28381839180127616,0.0,0.0,1
120,43,CameraAccessory,771785.0,1690,4.855861244019139,1167.8498803827752,2.0041866028708135,2.851674641148325,55.68686848434736,456.9055023923445,1560.0,0,51.827605019094825,1242.0,56.848241379309975,0.3818843425377628,0.06396722655573571,1.7834062763739615,0.0025586890622295083,1.2116032381922563,0.41770598940896747,0.309601376529769,0.0,0.0,0
121,43,GamingAccessory,801032.0,1431,4.772891131939438,1168.8031723143474,1.9790915645277578,2.79379956741168,47.78048982318564,565.5757029560202,1297.0,0,51.82760501909567,1242.0,56.84824137930998,0.24385084422010042,0.04084603755780551,1.1387875271116128,0.001633841502312232,0.7736647973823735,0.2667246252524561,0.1976948217797747,0.0,0.0,0
122,43,HomeAudio,279103.0,252,5.42570281124498,1790.9678714859438,2.21285140562249,3.21285140562249,37.597471696127705,1113.3574297188754,230.0,0,51.82760501909434,1242.0,56.84824137931031,0.350081776663971,0.058640163595305,1.6348877610371177,0.0023456065438122167,1.110703338658678,0.38292026827734466,0.2838183918012764,0.0,0.0,0
123,44,CameraAccessory,2892142.0,6486,6.218725536245499,1229.7180209801159,2.0491623610458745,4.169563175199624,58.329361223379934,446.83388132143415,3343.0,0,51.45672313598817,1240.8514169406608,58.58824286940336,0.3588000426693287,0.06335393084644123,1.8277767029098582,0.0071038322371631615,1.2545522267981897,0.42436635169693915,0.32579291659090803,0.006620972739246606,0.03001708277329414,1
124,44,GamingAccessory,2698957.0,4812,6.354064954362131,1192.469751645086,2.0356612184249627,4.318403735937168,47.544946441654744,565.3112927191679,2571.0,0,51.44376687069528,1240.8112927191678,58.6490275071535,0.2285955132407144,0.040440739191077546,1.1681098607478357,0.004637513429881899,0.8020477693655862,0.27112614627429743,0.2083950511177623,0.0043754903167312975,0.019836882008671612,1
125,44,HomeAudio,1442296.0,1370,6.714495952906549,1761.5459896983075,2.227373068432671,4.4871228844738775,40.09862909336091,1056.944076526858,774.0,0,51.451715483717855,1240.8359087564386,58.61173639339244,0.32863416314887767,0.05807035080399137,1.6761123060857182,0.006568497198602989,1.1506072263112237,0.38910840814024034,0.29886194501384106,0.006151543049377961,0.02788885926113441,1
126,45,CameraAccessory,1868718.0,4724,5.822459893048128,1192.157219251337,1.9390374331550801,3.883422459893048,61.717306241725225,395.1490909090909,760.0,0,47.30695122635492,1228.0,78.05699999999247,0.10051139738589818,0.05649180728988603,2.3242343570692756,0.057959126959753145,1.7351055096178216,0.4988886877547832,0.5069589459390416,0.08070258184268686,0.36587615968136816,0
127,45,GamingAccessory,1616853.0,2868,5.999287749287749,1261.513888888889,2.016025641025641,3.9832621082621085,48.06570716004649,565.9793447293447,452.0,0,47.30695122636057,1228.0,78.05700000000066,0.06418118361023879,0.03607263604371262,1.4841313115126542,0.037009587629260966,1.1079452499139952,0.3185635390873342,0.32371677280786826,0.051532337205303605,0.23362887785712783,0
128,45,HomeAudio,843533.0,833,6.175757575757576,1680.9418181818182,2.2133333333333334,3.9624242424242424,38.27602020004272,1018.44,164.0,0,47.30695122636022,1228.0,78.05700000000058,0.09214100881434695,0.05178728232631153,2.1306767585683044,0.0531324065425805,1.590609385736727,0.4573422335310656,0.46474041672053457,0.07398183189473252,0.3354067233263939,0
129,46,CameraAccessory,1815196.0,4469,5.76129911424029,1184.9775153304565,1.9502611855553031,3.8110379286849874,61.036118850387666,406.99477628889395,786.0,0,47.306951226355444,1228.0,78.05699999999376,0.100511397385898,0.05649180728988593,2.324234357069284,0.05795912695975281,1.7351055096178214,0.4988886877547716,0.5069589459390438,0.08070258184268776,0.36587615968136494,1
130,46,GamingAccessory,1834555.0,3603,5.809103840682788,1210.6893314366998,1.939118065433855,3.8699857752489333,52.133301788363305,511.7254623044097,535.0,0,47.30695122635772,1228.0,78.05699999999936,0.06418118361023714,0.036072636043712636,1.484131311512726,0.0370095876292601,1.1079452499139726,0.31856353908733454,0.32371677280785727,0.0515323372053061,0.23362887785711942,1
131,46,HomeAudio,779767.0,775,6.100522193211488,1733.2819843342036,2.2989556135770237,3.8015665796344646,41.525903431714156,1011.7036553524804,148.0,0,47.30695122636016,1228.0,78.05700000000057,0.09214100881434659,0.051787282326311725,2.130676758568299,0.053132406542580495,1.5906093857367214,0.45734223353106673,0.46474041672053484,0.07398183189473238,0.3354067233263934,1
132,47,CameraAccessory,1675126.0,3952,5.5300771208226225,1166.6984575835475,2.0210796915167095,3.5089974293059125,58.87324931597465,424.6064267352185,692.0,0,47.30695122635663,1228.0,78.05699999999669,0.10051139738589758,0.056491807289885704,2.3242343570693023,0.057959126959752055,1.735105509617821,0.498888687754758,0.506958945939049,0.08070258184268979,0.3658761596813576,0
133,47,GamingAccessory,1886556.2502639915,3778,5.76,1263.5850340136055,1.9202721088435375,3.8397278911564627,54.28243215404495,504.6263266024467,550.0,0,47.30695122635723,1228.0,78.05699999999815,0.06418118361023686,0.036072636043712636,1.4841313115127384,0.03700958762925995,1.1079452499139686,0.3185635390873346,0.3237167728078529,0.05153233720530653,0.23362887785711797,0
134,47,HomeAudio,723558.0,700,5.985611510791367,1730.2402877697841,2.2805755395683454,3.7050359712230216,40.105607964007355,1036.4503597122302,148.0,0,47.30695122636008,1228.0,78.05700000000056,0.09214100881434606,0.051787282326312,2.130676758568292,0.053132406542580474,1.5906093857367136,0.45734223353106834,0.46474041672053523,0.07398183189473219,0.33540672332639265,0
135,48,CameraAccessory,3070014.0,7369,5.635523047198454,1157.863924924096,1.9768147943693073,3.6587082528291472,59.70428865629653,416.70245652773946,1471.0,1,47.30695122635875,1228.0,78.05699999998932,0.10051139738588233,0.05649180728988661,2.3242343570692787,0.057959126959755074,1.7351055096175056,0.49888868775484957,0.5069589459390283,0.08070258184268878,0.3658761596813349,0
136,48,GamingAccessory,3521468.2508996883,5967,5.784604881379075,1320.815156169995,1.8914490527393752,3.8931558286396997,51.70761499058271,592.8937106843639,1048.0,1,47.30695122635478,1228.0,78.05699999998825,0.06418118361023453,0.03607263604371266,1.4841313115127872,0.037009587629258725,1.1079452499141043,0.31856353908733503,0.32371677280781697,0.05153233720530575,0.23362887785713474,0
137,48,HomeAudio,1066968.0,921,5.360400444938821,1779.4338153503893,2.2380422691879867,3.122358175750834,35.01094910610097,1172.162402669633,188.0,1,47.30695122636028,1228.0,78.05700000000058,0.09214100881434734,0.05178728232631132,2.1306767585683097,0.053132406542580515,1.5906093857367327,0.4573422335310644,0.46474041672053423,0.0739818318947324,0.33540672332639443,0
138,49,CameraAccessory,1630654.0,4177,6.017765879776102,1100.223898758822,2.0365052324166464,3.9812606473594547,59.43960845380648,390.5979557069847,685.0,0,49.64258279457701,1203.2591871501581,52.42640304494592,0.11613846757397554,0.091233500378791,1.9702053112760924,0.01819064065205832,0.8980777819261913,0.28363637303752554,0.337485001990349,0.02197765614065869,0.09963870106679018,1
139,49,GamingAccessory,1867497.9237036875,3356,5.932904411764706,1187.9638480392157,1.9699754901960784,3.9629289215686274,48.79664328782009,562.8013437273041,559.0,0,49.55986322783593,1204.1354166666667,53.33414547499687,0.07380638590327218,0.05747113364810262,1.266073726670763,0.012514930537924953,0.592393639346963,0.18598289228266504,0.21933245928832804,0.01536181498185021,0.0696448830131718,1
140,49,HomeAudio,741266.0,636,6.045741324921136,1724.55047318612,2.165615141955836,3.8801261829652995,32.54605168595879,1167.4053627760252,127.0,0,49.77753652938899,1201.8296529968454,50.945456806864584,0.10729443129966157,0.08547597424970972,1.7873781339117676,0.0145692806738665,0.7789514974069766,0.24861409533263795,0.3004031326359685,0.017036825641373442,0.0772387722486631,1
141,50,CameraAccessory,1699946.0,4344,5.669716162327,1129.6272577996715,2.00586441473141,3.66385174759559,60.844110690779175,391.83345062162795,677.0,0,50.516687050374884,1194.0,42.83421642531174,0.12198685939352594,0.10423549187260031,1.837710828920761,0.0033073844051294617,0.5848222544055184,0.20307873418513608,0.27405980356943754,0.0,0.0,0
142,50,GamingAccessory,1664411.0,3037,5.880895826263997,1168.8982015609095,1.9487614523243977,3.9321343739395997,49.37594645539336,551.6657052369641,476.0,0,50.51668705037507,1194.0,42.83421642531174,0.07789426099324111,0.06655919046567997,1.1734634996732871,0.0021119181634725414,0.3734361024278063,0.12967517978114626,0.17499988091445864,0.0,0.0,0
143,50,HomeAudio,951583.0,824,6.280981595092024,1723.4453987730062,2.132515337423313,4.148466257668711,30.881633497951928,1161.6282208588957,168.0,0,50.516687050376675,1194.0,42.834216425311695,0.11182803720715148,0.09555496814482475,1.684669938830131,0.003031952032817433,0.5361194242591566,0.18616674251097423,0.2512366501024683,0.0,0.0,0
144,51,CameraAccessory,1470807.0,3474,5.676002358490566,1090.1073113207547,2.062794811320755,3.6132075471698113,56.878462167023784,424.8520047169811,581.0,0,50.51668705037499,1194.0,42.83421642531174,0.12198685939352592,0.10423549187260026,1.837710828920819,0.003307384405129464,0.584822254405528,0.20307873418512756,0.2740598035694501,0.0,0.0,1
145,51,GamingAccessory,1584534.0,2852,6.037749546279492,1145.2595281306715,1.907803992740472,4.12994555353902,48.00497105952986,559.2239564428312,474.0,0,50.51668705037511,1194.0,42.83421642531174,0.07789426099324069,0.06655919046567982,1.1734634996732871,0.00211191816347254,0.3734361024278045,0.12967517978114632,0.17499988091445787,0.0,0.0,1
146,51,HomeAudio,888152.0,743,5.734525447042641,1737.946354883081,2.1623108665749657,3.5722145804676755,29.8526927137601,1209.1031636863825,159.0,0,50.51668705037694,1194.0,42.834216425311695,0.11182803720715205,0.09555496814482477,1.6846699388301212,0.0030319520328174277,0.5361194242591585,0.18616674251097387,0.2512366501024681,0.0,0.0,1
147,52,CameraAccessory,1170671.0,2388,6.014592274678112,1129.679399141631,2.0858369098712446,3.928755364806867,52.963886133737546,494.3167381974249,411.0,0,50.51668705037523,1194.0,42.83421642531173,0.12198685939352395,0.10423549187260014,1.8377108289209483,0.003307384405129468,0.5848222544055497,0.20307873418511327,0.27405980356944676,0.0,0.0,0
148,52,GamingAccessory,1402869.250347705,2439,6.047497879558948,1133.3502968617472,1.8922815945716709,4.155216284987278,45.50495951147296,579.3983249990267,405.0,0,50.516687050375225,1194.0,42.83421642531173,0.0778942609932396,0.06655919046567943,1.1734634996732867,0.002111918163472537,0.37343610242780007,0.12967517978114648,0.17499988091445584,0.0,0.0,0
149,52,HomeAudio,574656.0,458,4.894273127753304,1731.044052863436,1.8788546255506609,3.015418502202643,26.830617563140322,1260.4185022026431,94.0,0,50.51668705037688,1194.0,42.83421642531165,0.1118280372071534,0.09555496814482481,1.6846699388301054,0.0030319520328173995,0.5361194242591675,0.18616674251097187,0.25123665010246693,0.0,0.0,0
150,53,CameraAccessory,478815.0,1043,5.181729834791059,1096.5549076773566,2.062196307094266,3.119533527696793,53.54394430743019,461.6831875607386,163.0,0,50.51668705037621,1194.0,42.83421642531171,0.12198685939351624,0.10423549187259969,1.83771082892094,0.003307384405129485,0.5848222544055574,0.20307873418511443,0.27405980356943316,0.0,0.0,0
151,53,GamingAccessory,566818.250293772,981,5.144973544973545,1115.826455026455,1.8867724867724869,3.2582010582010583,44.731800333817155,579.119312480182,159.0,0,50.51668705037637,1194.0,42.8342164253117,0.07789426099323882,0.0665591904656755,1.173463499673283,0.0021119181634725037,0.37343610242777875,0.1296751797811483,0.17499988091445032,0.0,0.0,0
152,53,HomeAudio,220061.0,170,4.290909090909091,1766.9939393939394,1.9272727272727272,2.3636363636363638,25.412177151081288,1319.5636363636363,32.0,0,50.5166870503765,1194.0,42.8342164253115,0.11182803720715266,0.09555496814482503,1.6846699388301187,0.003031952032817378,0.5361194242591643,0.18616674251097026,0.2512366501024652,0.0,0.0,0
